<application>
  <component name="MavenWrapperMapping">
    <option name="mapping">
      <map>
        <entry key="https://repo.maven.apache.org/maven2/org/apache/maven/apache-maven/3.6.0/apache-maven-3.6.0-bin.zip" value="C:\Users\Junior\.m2\wrapper\dists\apache-maven-3.6.0-bin\2dakv70gp803gtm5ve1ufmvttn\apache-maven-3.6.0" />
        <entry key="https://repo.maven.apache.org/maven2/org/apache/maven/apache-maven/3.6.3/apache-maven-3.6.3-bin.zip" value="C:\Users\Junior\.m2\wrapper\dists\apache-maven-3.6.3-bin\1iopthnavndlasol9gbrbg6bf2\apache-maven-3.6.3" />
        <entry key="https://repo.maven.apache.org/maven2/org/apache/maven/apache-maven/3.8.1/apache-maven-3.8.1-bin.zip" value="C:\Users\Junior\.m2\wrapper\dists\apache-maven-3.8.1-bin\2l5mhf2pq2clrde7f7qp1rdt5m\apache-maven-3.8.1" />
        <entry key="https://repo.maven.apache.org/maven2/org/apache/maven/apache-maven/3.8.2/apache-maven-3.8.2-bin.zip" value="C:\Users\Junior\.m2\wrapper\dists\apache-maven-3.8.2-bin\1um3pu5poco57pibs3g92d6vrf\apache-maven-3.8.2" />
        <entry key="https://repo.maven.apache.org/maven2/org/apache/maven/apache-maven/3.8.5/apache-maven-3.8.5-bin.zip" value="C:\Users\Junior\.m2\wrapper\dists\apache-maven-3.8.5-bin\5i5jha092a3i37g0paqnfr15e0\apache-maven-3.8.5" />
        <entry key="https://repo.maven.apache.org/maven2/org/apache/maven/apache-maven/3.8.6/apache-maven-3.8.6-bin.zip" value="C:\Users\Junior\.m2\wrapper\dists\apache-maven-3.8.6-bin\1ks0nkde5v1pk9vtc31i9d0lcd\apache-maven-3.8.6" />
        <entry key="https://repo.maven.apache.org/maven2/org/apache/maven/apache-maven/3.8.7/apache-maven-3.8.7-bin.zip" value="C:\Users\Junior\.m2\wrapper\dists\apache-maven-3.8.7-bin\1ktonn2lleg549uah6ngl1r74r\apache-maven-3.8.7" />
        <entry key="https://repo.maven.apache.org/maven2/org/apache/maven/apache-maven/3.9.0/apache-maven-3.9.0-bin.zip" value="C:\Users\Junior\.m2\wrapper\dists\apache-maven-3.9.0-bin\7u41pcsb933vr4m6u83d7ofakm\apache-maven-3.9.0" />
        <entry key="https://repo.maven.apache.org/maven2/org/apache/maven/apache-maven/3.9.10/apache-maven-3.9.10-bin.zip" value="C:\Users\Junior\.m2\wrapper\dists\apache-maven-3.9.10-bin\53h08a94dg6djh6umvruv7q564\apache-maven-3.9.10" />
        <entry key="https://repo.maven.apache.org/maven2/org/apache/maven/apache-maven/3.9.4/apache-maven-3.9.4-bin.zip" value="C:\Users\Junior\.m2\wrapper\dists\apache-maven-3.9.4-bin\2vqnav6ufo1qvo5j2um40861m\apache-maven-3.9.4" />
        <entry key="https://repo.maven.apache.org/maven2/org/apache/maven/apache-maven/3.9.5/apache-maven-3.9.5-bin.zip" value="C:\Users\Junior\.m2\wrapper\dists\apache-maven-3.9.5-bin\2adeog8mj13csp1uusqnc1f2mo\apache-maven-3.9.5" />
        <entry key="https://repo.maven.apache.org/maven2/org/apache/maven/apache-maven/3.9.9/apache-maven-3.9.9-bin.zip" value="C:\Users\Junior\.m2\wrapper\dists\apache-maven-3.9.9-bin\4nf9hui3q3djbarqar9g711ggc\apache-maven-3.9.9" />
        <entry key="https://repo.maven.apache.org/maven2/org/apache/maven/apache-maven/4.0.0-beta-4/apache-maven-4.0.0-beta-4-bin.zip" value="C:\Users\Junior\.m2\wrapper\dists\apache-maven-4.0.0-beta-4-bin\5m3066s5nfoe80fgis5papbuvp\apache-maven-4.0.0-beta-4" />
      </map>
    </option>
  </component>
</application>