<application>
  <component name="GeneralSettings">
    <option name="confirmExit" value="false" />
    <option name="confirmOpenNewProject2" value="1" />
  </component>
  <component name="Registry">
    <entry key="ide.experimental.ui" value="true" source="SYSTEM" />
    <entry key="debugger.new.tool.window.layout" value="true" source="SYSTEM" />
    <entry key="llm.rules.refresh.interval" value="10" source="MANAGER" />
    <entry key="llm.selector.config.refresh.interval" value="10" source="MANAGER" />
    <entry key="idea.islands.feedback2.enabled" value="false" source="MANAGER" />
  </component>
</application>