<application>
  <component name="ProjectManager">
    <defaultProject>
      <component name="ProjectViewState">
        <option name="autoscrollToSource" value="true" />
        <option name="hideEmptyMiddlePackages" value="true" />
        <option name="openDirectoriesWithSingleClick" value="true" />
        <option name="showLibraryContents" value="true" />
        <option name="showScratchesAndConsoles" value="false" />
      </component>
      <component name="PropertiesComponent">{
  &quot;keyToString&quot;: {
    &quot;settings.editor.selected.configurable&quot;: &quot;editor.preferences.completion&quot;
  }
}</component>
      <component name="WindowStateProjectService">
        <state x="1421" y="148" key="SettingsEditor" timestamp="1762035991291">
          <screen x="0" y="0" width="2560" height="1032" />
        </state>
        <state x="1421" y="148" key="SettingsEditor/0.0.2560.1032" timestamp="1762035991291" />
      </component>
      <component name="masterDetails">
        <states>
          <state key="ProjectJDKs.UI">
            <settings>
              <last-edited>1.8</last-edited>
              <splitter-proportions>
                <option name="proportions">
                  <list>
                    <option value="0.2" />
                  </list>
                </option>
              </splitter-proportions>
            </settings>
          </state>
        </states>
      </component>
    </defaultProject>
  </component>
</application>