<application>
  <component name="SonarLintGlobalSettings">
    <option name="rulesByKey">
      <map>
        <entry key="java:S1220">
          <value>
            <Rule active="false" key="java:S1220" />
          </value>
        </entry>
      </map>
    </option>
    <option name="secretsNeverBeenAnalysed" value="false" />
    <option name="sonarQubeServers">
      <list>
        <SonarQubeServer>
          <option name="hostUrl" value="http://localhost:9000" />
          <option name="name" value="sb-sonarqube" />
          <option name="login" value="admin" />
          <password>dfd8dfc5dfc5dfde</password>
        </SonarQubeServer>
      </list>
    </option>
    <rules>
      <Rule active="false" key="java:S1220" />
    </rules>
  </component>
</application>