<application>
  <component name="ToolsetData">
    <option name="data_init" value="true" />
    <option name="generate_mima" value="@Rp1c#@Vq6" />
    <option name="generate_mima_length" value="10" />
    <option name="generate_uuid" value="cd58f4f8c6a44704aa7e62c57d7fdb64" />
    <option name="generate_snowflake" value="1980111573062119424" />
    <option name="qrcode_left" value="Hello Toolset" />
    <option name="jwt_header" value="{&quot;typ&quot;:&quot;JWT&quot;,&quot;alg&quot;:&quot;HS256&quot;}" />
    <option name="jwt_payload" value="{&quot;sub&quot;:&quot;1234567890&quot;,&quot;name&quot;:&quot;Toolset&quot;,&quot;iat&quot;:1800000000}" />
    <option name="jwt_result" value="eyJ0eXAiOiJKV1QiLCJhbGciOiJIUzI1NiJ9.eyJzdWIiOiIxMjM0NTY3ODkwIiwibmFtZSI6IlRvb2xzZXQiLCJpYXQiOjE4MDAwMDAwMDB9.Gx8UZTMllYCaPOtMsBvJpPF4p3USqSx7ozj01lZg3w0" />
    <option name="noteList">
      <list>
        <NoteData>
          <option name="id" value="737d0106ca794602be63e07d186d092d" />
          <option name="title" value="Note0" />
          <option name="content" value="" />
        </NoteData>
      </list>
    </option>
    <option name="httpRequestList">
      <list>
        <HttpRequestData>
          <option name="id" value="afce729d67cd40509f04b03d12281484" />
          <option name="title" value="Request0" />
          <option name="method" value="GET" />
          <option name="url" value="http://localhost:8080/restaurantes/1" />
          <option name="timeout" value="10" />
          <option name="params" value="" />
          <option name="authType" value="No Auth" />
          <option name="authUsername" value="" />
          <option name="authPassword" value="" />
          <option name="authToken" value="" />
          <option name="headers" value="" />
          <option name="bodyType" value="none" />
          <option name="bodyFormData" value="" />
          <option name="bodyFormUrlencoded" value="" />
          <option name="bodyRawType" value="application/json" />
          <option name="bodyJsonRaw" value="" />
          <option name="bodyRaw" value="" />
        </HttpRequestData>
      </list>
    </option>
  </component>
</application>