<application>
  <component name="Trusted.Paths">
    <option name="TRUSTED_PROJECT_PATHS">
      <map>
        <entry key="C:\workspace\Full-Stack-React-Projects" value="true" />
        <entry key="C:\workspace\apostila-microservices-com-spring-cloud" value="true" />
        <entry key="C:\workspace\aprendendo_typescript" value="true" />
        <entry key="C:\workspace\aprendendo_typescript\capitulo1" value="true" />
        <entry key="C:\workspace\caelum\fj33-eats-monolito" value="true" />
        <entry key="C:\workspace\fj33-eats-monolito" value="true" />
        <entry key="C:\workspace\okhttp" value="true" />
        <entry key="C:\workspace\origamid" value="true" />
        <entry key="C:\workspace\playwright_example" value="true" />
      </map>
    </option>
  </component>
  <component name="Trusted.Paths.Settings">
    <option name="TRUSTED_PATHS">
      <list>
        <option value="C:\workspace" />
      </list>
    </option>
  </component>
</application>