<application>
  <component name="DimensionService">
    <size key="GridCell.Tab.0.left.0.0.1366.768" width="1284" height="187" />
    <size key="GridCell.Tab.0.center.0.0.1366.768" width="1284" height="187" />
    <size key="GridCell.Tab.0.right.0.0.1366.768" width="1284" height="187" />
    <size key="GridCell.Tab.0.bottom.0.0.1366.768" width="1284" height="187" />
    <size key="GridCell.Tab.0.left.0.0.2560.1080" width="1940" height="290" />
    <size key="GridCell.Tab.0.center.0.0.2560.1080" width="1940" height="290" />
    <size key="GridCell.Tab.0.right.0.0.2560.1080" width="1940" height="290" />
    <size key="GridCell.Tab.0.bottom.0.0.2560.1080" width="1940" height="290" />
    <size key="GridCell.Tab.1.left.0.0.1366.768" width="1284" height="166" />
    <size key="GridCell.Tab.1.center.0.0.1366.768" width="1284" height="166" />
    <size key="GridCell.Tab.1.right.0.0.1366.768" width="1284" height="166" />
    <size key="GridCell.Tab.1.bottom.0.0.1366.768" width="1284" height="166" />
    <size key="GridCell.Tab.3.left.0.0.1366.768" width="1284" height="187" />
    <size key="GridCell.Tab.3.center.0.0.1366.768" width="1284" height="187" />
    <size key="GridCell.Tab.3.right.0.0.1366.768" width="1284" height="187" />
    <size key="GridCell.Tab.3.bottom.0.0.1366.768" width="1284" height="187" />
    <size key="GridCell.Tab.1.left.0.0.2560.1080" width="2106" height="290" />
    <size key="GridCell.Tab.1.center.0.0.2560.1080" width="2106" height="290" />
    <size key="GridCell.Tab.1.right.0.0.2560.1080" width="2106" height="290" />
    <size key="GridCell.Tab.1.bottom.0.0.2560.1080" width="2106" height="290" />
    <size key="GridCell.Tab.2.left.0.0.2560.1080" width="2106" height="290" />
    <size key="GridCell.Tab.2.center.0.0.2560.1080" width="2106" height="290" />
    <size key="GridCell.Tab.2.right.0.0.2560.1080" width="2106" height="290" />
    <size key="GridCell.Tab.2.bottom.0.0.2560.1080" width="2106" height="290" />
    <size key="GridCell.Tab.6.left.0.0.2560.1080" width="2146" height="345" />
    <size key="GridCell.Tab.6.center.0.0.2560.1080" width="2146" height="345" />
    <size key="GridCell.Tab.6.right.0.0.2560.1080" width="2146" height="345" />
    <size key="GridCell.Tab.6.bottom.0.0.2560.1080" width="2146" height="345" />
    <size key="GridCell.Tab.4.left.0.0.2560.1080" width="2106" height="290" />
    <size key="GridCell.Tab.4.center.0.0.2560.1080" width="2106" height="290" />
    <size key="GridCell.Tab.4.right.0.0.2560.1080" width="2106" height="290" />
    <size key="GridCell.Tab.4.bottom.0.0.2560.1080" width="2106" height="290" />
    <size key="GridCell.Tab.3.left.0.0.2560.1080" width="2106" height="290" />
    <size key="GridCell.Tab.3.center.0.0.2560.1080" width="2106" height="290" />
    <size key="GridCell.Tab.3.right.0.0.2560.1080" width="2106" height="290" />
    <size key="GridCell.Tab.3.bottom.0.0.2560.1080" width="2106" height="290" />
    <size key="GridCell.Tab.5.left.0.0.2560.1080" width="2106" height="290" />
    <size key="GridCell.Tab.5.center.0.0.2560.1080" width="2106" height="290" />
    <size key="GridCell.Tab.5.right.0.0.2560.1080" width="2106" height="290" />
    <size key="GridCell.Tab.5.bottom.0.0.2560.1080" width="2106" height="290" />
  </component>
  <component name="WindowManager">
    <frame x="-8" y="-8" width="2576" height="1048" extendedState="6" />
  </component>
</application>